
{"mean":{"confidence_interval":{"confidence_level":0.95,"lower_bound":642544.55,"upper_bound":656771.8049444447},"point_estimate":649543.5055555558,"standard_error":3633.19860119988},"median":{"confidence_interval":{"confidence_level":0.95,"lower_bound":640141.1666666666,"upper_bound":651192.5},"point_estimate":644070.9444444445,"standard_error":3028.6186518192194},"median_abs_dev":{"confidence_interval":{"confidence_level":0.95,"lower_bound":31163.757246732654,"upper_bound":47591.4591550827},"point_estimate":39330.65920174125,"standard_error":4070.190062812936},"slope":null,"std_dev":{"confidence_interval":{"confidence_level":0.95,"lower_bound":31298.0730086388,"upper_bound":41248.21386684622},"point_estimate":36521.360112661554,"standard_error":2541.106554797798}}
