{"mean":{"confidence_interval":{"confidence_level":0.95,"lower_bound":96193.74695652176,"upper_bound":97212.20167391305},"point_estimate":96687.8795652174,"standard_error":260.06244064505603},"median":{"confidence_interval":{"confidence_level":0.95,"lower_bound":95745.08695652174,"upper_bound":96591.91304347826},"point_estimate":96024.17391304349,"standard_error":200.5255142836616},"median_abs_dev":{"confidence_interval":{"confidence_level":0.95,"lower_bound":1566.678701642411,"upper_bound":3043.455441620033},"point_estimate":2230.1526647547075,"standard_error":391.2174924452809},"slope":null,"std_dev":{"confidence_interval":{"confidence_level":0.95,"lower_bound":2125.137763728319,"upper_bound":3089.169571703893},"point_estimate":2620.7166978120595,"standard_error":246.36303929748271}}