
{"mean":{"confidence_interval":{"confidence_level":0.95,"lower_bound":182331.78999999995,"upper_bound":189088.79233823533},"point_estimate":185690.61294117649,"standard_error":1727.8615273400096},"median":{"confidence_interval":{"confidence_level":0.95,"lower_bound":178039.76470588235,"upper_bound":189032.11764705883},"point_estimate":186087.64705882352,"standard_error":2854.5840580104345},"median_abs_dev":{"confidence_interval":{"confidence_level":0.95,"lower_bound":14723.046250378386,"upper_bound":22678.328862085124},"point_estimate":18399.152885114447,"standard_error":1907.6885189804084},"slope":null,"std_dev":{"confidence_interval":{"confidence_level":0.95,"lower_bound":15125.981788535197,"upper_bound":19363.553365806645},"point_estimate":17370.004036429877,"standard_error":1079.6908474200377}}
