{"mean":{"confidence_interval":{"confidence_level":0.95,"lower_bound":-0.03710349230210733,"upper_bound":0.05198198948271643},"point_estimate":0.004679229517324801,"standard_error":0.022703962643874545},"median":{"confidence_interval":{"confidence_level":0.95,"lower_bound":-0.1296060164463413,"upper_bound":0.10069794555079414},"point_estimate":-0.02207814221544191,"standard_error":0.05867270603757848}}