
{"mean":{"confidence_interval":{"confidence_level":0.95,"lower_bound":1168687.6554248766,"upper_bound":1181496.9372053687},"point_estimate":1174288.7221169006,"standard_error":3290.6848628365838},"median":{"confidence_interval":{"confidence_level":0.95,"lower_bound":1161765.5916666668,"upper_bound":1165384.3015384614},"point_estimate":1163212.2442193222,"standard_error":1025.6970399950778},"median_abs_dev":{"confidence_interval":{"confidence_level":0.95,"lower_bound":5120.273280638396,"upper_bound":10594.149299762226},"point_estimate":7481.729900586,"standard_error":1434.3638925492694},"slope":{"confidence_interval":{"confidence_level":0.95,"lower_bound":1167723.9709060988,"upper_bound":1176719.6095821594},"point_estimate":1171964.4368316832,"standard_error":2305.5547445335787},"std_dev":{"confidence_interval":{"confidence_level":0.95,"lower_bound":16127.377476619275,"upper_bound":49803.31633839534},"point_estimate":33062.96994385927,"standard_error":9649.957590832797}}
