{"mean":{"confidence_interval":{"confidence_level":0.95,"lower_bound":3997205.2,"upper_bound":4120993.037272726},"point_estimate":4051869.0081818174,"standard_error":31910.79057464861},"median":{"confidence_interval":{"confidence_level":0.95,"lower_bound":3950301.3636363633,"upper_bound":4034800.8181818184},"point_estimate":3996148.590909091,"standard_error":23955.095224695906},"median_abs_dev":{"confidence_interval":{"confidence_level":0.95,"lower_bound":111872.74838658878,"upper_bound":178657.81201909916},"point_estimate":141981.65821568522,"standard_error":17258.491977445006},"slope":null,"std_dev":{"confidence_interval":{"confidence_level":0.95,"lower_bound":152559.21645596976,"upper_bound":474458.1913979496},"point_estimate":321265.999603186,"standard_error":86336.07763182689}}