{"mean":{"confidence_interval":{"confidence_level":0.95,"lower_bound":3426873.6068125,"upper_bound":3591819.368625},"point_estimate":3507984.4425,"standard_error":42057.20324696356},"median":{"confidence_interval":{"confidence_level":0.95,"lower_bound":3347404.0,"upper_bound":3562147.125},"point_estimate":3455770.625,"standard_error":53827.723708368336},"median_abs_dev":{"confidence_interval":{"confidence_level":0.95,"lower_bound":338203.0845050703,"upper_bound":541474.050436914},"point_estimate":435327.3053213954,"standard_error":51853.480841612356},"slope":null,"std_dev":{"confidence_interval":{"confidence_level":0.95,"lower_bound":365236.08002643683,"upper_bound":474551.81821615505},"point_estimate":423481.4405466035,"standard_error":27796.908717030856}}