{"mean":{"confidence_interval":{"confidence_level":0.95,"lower_bound":-0.038287107043188676,"upper_bound":-0.032006010547497424},"point_estimate":-0.035043299454520005,"standard_error":0.0016131636505551184},"median":{"confidence_interval":{"confidence_level":0.95,"lower_bound":-0.03911878789517986,"upper_bound":-0.030422806495600696},"point_estimate":-0.034604494185010326,"standard_error":0.002274621441536087}}